date,open,high,low,close,volume
2024-04-15 06:30:00+00:00,42.99,43.4,39.1,39.78,62077774.0
2024-04-16 06:30:00+00:00,39.75,41.17,39.21,40.54,62696179.0
2024-04-17 06:30:00+00:00,40.6,40.85,36.64,37.06,85426553.0
2024-04-18 06:30:00+00:00,36.04,36.8,34.53,34.91,91529687.0
2024-04-19 06:30:00+00:00,33.96,34.58,30.2,30.79,105240109.0
2024-04-22 06:30:00+00:00,31.58,32.85,30.5,32.07,65096873.0
2024-04-23 06:30:00+00:00,32.82,34.66,32.59,34.11,66511466.0
2024-04-24 06:30:00+00:00,36.91,37.48,34.6,35.49,80370060.0
2024-04-25 06:30:00+00:00,35.28,38.18,34.64,37.41,80677603.0
2024-04-26 06:30:00+00:00,37.32,40.29,37.005,39.8,59041749.0
2024-04-29 06:30:00+00:00,39.6,40.83,38.71,40.61,51120689.0
2024-04-30 06:30:00+00:00,40.08,41.49,38.12,38.18,56304155.0
2024-05-01 06:30:00+00:00,36.08,38.06,33.65,34.37,97290300.0
2024-05-02 06:30:00+00:00,35.98,36.91,34.1201,36.45,56653375.0
2024-05-03 06:30:00+00:00,38.75,39.58,38.1032,38.97,58599402.0
2024-05-06 06:30:00+00:00,39.97,41.38,39.48,41.3,48404839.0
2024-05-07 06:30:00+00:00,41.53,41.9099,40.28,40.36,51508419.0
2024-05-08 06:30:00+00:00,39.06,40.5018,38.96,40.41,53735098.0
2024-05-09 06:30:00+00:00,40.4,40.62,39.31,39.96,39132713.0
2024-05-10 06:30:00+00:00,41.15,42.24,40.515,41.03,47048410.0
2024-05-13 06:30:00+00:00,41.6,42.07,41.075,41.27,30565380.0
2024-05-14 06:30:00+00:00,41.18,43.4385,41.05,43.21,41581510.0
2024-05-15 06:30:00+00:00,44.67,47.07,43.99,47.0,58063530.0
2024-05-16 06:30:00+00:00,46.96,48.0301,46.21,46.26,46325513.0
2024-05-17 06:30:00+00:00,47.015,47.38,44.33,45.4,40965757.0
2024-05-20 06:30:00+00:00,45.96,49.3,45.81,48.25,55103238.0
2024-05-21 06:30:00+00:00,46.55,48.19,46.41,47.98,36437199.0
2024-05-22 06:30:00+00:00,49.25,50.0,48.1,49.38,55487831.0
2024-05-23 06:30:00+00:00,53.15,53.2,47.55,48.81,81175939.0
2024-05-24 06:30:00+00:00,50.02,52.072,49.35,51.44,48477370.0
2024-05-28 06:30:00+00:00,53.34,54.89,51.75,54.04,50658369.0
2024-05-29 06:30:00+00:00,51.15,51.92,50.65,50.98,42965595.0
2024-05-30 06:30:00+00:00,50.84,51.34,48.98,50.0,38609193.0
2024-05-31 06:30:00+00:00,50.3,50.72,44.38,48.59,72522794.0
2024-06-03 06:30:00+00:00,50.81,50.93,46.1201,48.59,53127300.0
2024-06-04 06:30:00+00:00,48.46,48.65,46.43,47.59,46692540.0
2024-06-05 06:30:00+00:00,50.03,53.87,49.565,53.52,66560146.0
2024-06-06 06:30:00+00:00,53.79,53.79,51.23,52.51,43947636.0
2024-06-07 06:30:00+00:00,52.228,52.9,50.81,51.87,50248675.0
2024-06-10 06:30:00+00:00,50.52,54.58,50.4203,53.95,43860888.0
2024-06-11 06:30:00+00:00,53.38,54.48,51.7,54.17,37695741.0
2024-06-12 06:30:00+00:00,57.245,59.45,56.81,58.72,73759285.0
2024-06-13 06:30:00+00:00,60.07,61.49,58.3,60.86,45660674.0
2024-06-14 06:30:00+00:00,58.95,60.5499,58.35,60.1,39111978.0
2024-06-17 06:30:00+00:00,61.0,63.15,58.95,62.67,54742622.0
2024-06-18 06:30:00+00:00,63.42,66.19,63.1,65.24,47069134.0
2024-06-20 06:30:00+00:00,65.52,65.8255,58.79,60.02,60852933.0
2024-06-21 06:30:00+00:00,58.42,60.18,56.03,58.2,50355095.0
2024-06-24 06:30:00+00:00,56.45,57.49,53.03,53.22,54326351.0
2024-06-25 06:30:00+00:00,54.23,55.45,52.35,55.3,44272493.0
2024-06-26 06:30:00+00:00,55.16,56.22,52.85,54.78,41093441.0
2024-06-27 06:30:00+00:00,54.33,55.58,52.82,53.8,35417036.0
2024-06-28 06:30:00+00:00,54.87,58.581,54.085,55.36,55584636.0
2024-07-01 06:30:00+00:00,55.36,55.55,52.25,55.36,43334974.0
2024-07-02 06:30:00+00:00,54.36,57.75,54.28,57.6,45011674.0
2024-07-03 06:30:00+00:00,58.1,61.515,57.18,60.39,40242701.0
2024-07-05 06:30:00+00:00,61.862,62.38,59.79,60.81,38395406.0
2024-07-08 06:30:00+00:00,62.26,64.5,62.2,64.31,42861612.0
2024-07-09 06:30:00+00:00,65.13,66.145,62.42,64.25,41946653.0
2024-07-10 06:30:00+00:00,65.89,69.0,65.0128,68.59,48280845.0
2024-07-11 06:30:00+00:00,70.01,70.08,61.22,61.99,75368530.0
2024-07-12 06:30:00+00:00,62.84,67.3,61.65,63.94,51046397.0
2024-07-15 06:30:00+00:00,64.945,66.76,63.0501,64.14,48228686.0
2024-07-16 06:30:00+00:00,65.02,65.59,62.23,65.3,39846361.0
2024-07-17 06:30:00+00:00,58.6,59.3,51.2223,51.55,99429836.0
2024-07-18 06:30:00+00:00,54.16,54.17,49.12,51.66,94172559.0
2024-07-19 06:30:00+00:00,51.78,52.37,46.75,47.0,75969060.0
2024-07-22 06:30:00+00:00,50.05,52.95,48.8124,52.93,73675303.0
2024-07-23 06:30:00+00:00,50.5,52.0721,50.0,50.53,50181645.0
2024-07-24 06:30:00+00:00,48.43,48.79,42.25,42.9,90534814.0
2024-07-25 06:30:00+00:00,41.51,43.7,37.39,39.78,143325853.0
2024-07-26 06:30:00+00:00,42.24,43.0,40.71,41.92,82759209.0
2024-07-29 06:30:00+00:00,43.365,45.0,41.26,41.81,80788361.0
2024-07-30 06:30:00+00:00,42.38,42.67,36.7801,37.24,108595996.0
2024-07-31 06:30:00+00:00,42.3,44.76,41.42,44.39,96880504.0
2024-08-01 06:30:00+00:00,42.05,43.42,33.42,35.0,163864389.0
2024-08-02 06:30:00+00:00,30.56,31.59,28.14,29.34,198233860.0
2024-08-05 06:30:00+00:00,23.52,30.15,23.5,27.89,220042207.0
2024-08-06 06:30:00+00:00,28.6,30.8,27.17,28.58,137309508.0
2024-08-07 06:30:00+00:00,31.32,31.94,25.94,26.22,146256506.0
2024-08-08 06:30:00+00:00,28.57,31.595,26.87,31.46,149988623.0
2024-08-09 06:30:00+00:00,30.71,31.79,29.58,31.01,96949816.0
2024-08-12 06:30:00+00:00,31.105,32.59,30.23,31.41,89135109.0
2024-08-13 06:30:00+00:00,32.66,35.43,32.185,35.28,103380007.0
2024-08-14 06:30:00+00:00,36.18,36.64,33.27,35.05,112421599.0
2024-08-15 06:30:00+00:00,37.35,40.47,36.86,39.92,107522670.0
2024-08-16 06:30:00+00:00,38.79,40.2301,38.07,39.73,82364587.0
2024-08-19 06:30:00+00:00,39.28,41.75,37.89,41.6,77684164.0
2024-08-20 06:30:00+00:00,41.05,41.92,39.1,40.09,83644558.0
2024-08-21 06:30:00+00:00,40.75,42.36,40.33,41.73,83611474.0
2024-08-22 06:30:00+00:00,42.51,42.88,37.11,37.51,107889890.0
2024-08-23 06:30:00+00:00,39.16,41.21,38.593,40.4,87128058.0
2024-08-26 06:30:00+00:00,39.75,40.29,36.91,37.37,86602951.0
2024-08-27 06:30:00+00:00,36.51,38.9699,35.52,38.49,74033311.0
2024-08-28 06:30:00+00:00,38.09,38.86,35.2905,36.6,101998473.0
2024-08-29 06:30:00+00:00,37.06,38.93,35.625,36.19,97333238.0
2024-08-30 06:30:00+00:00,38.68,39.22,37.06,38.79,85280835.0
2024-09-03 06:30:00+00:00,36.8,36.8091,29.4,30.07,140077858.0
2024-09-04 06:30:00+00:00,29.07,31.69,28.73,30.3,108759945.0
2024-09-05 06:30:00+00:00,29.05,31.2002,28.83,29.75,100075882.0
2024-09-06 06:30:00+00:00,29.11,29.17,25.5,25.96,156147578.0
2024-09-09 06:30:00+00:00,27.18,27.7291,26.15,27.43,84474535.0
2024-09-10 06:30:00+00:00,27.54,28.39,26.24,28.35,81557456.0
2024-09-11 06:30:00+00:00,28.89,32.42,27.08,32.22,143140937.0
2024-09-12 06:30:00+00:00,31.75,32.69,30.35,31.81,99273289.0
2024-09-13 06:30:00+00:00,32.52,33.72,32.36,33.43,78147292.0
2024-09-16 06:30:00+00:00,32.03,32.64,30.835,32.16,79670080.0
2024-09-17 06:30:00+00:00,33.31,33.56,31.36,32.16,86913739.0
2024-09-18 06:30:00+00:00,32.54,34.0,31.05,31.14,113735526.0
2024-09-19 06:30:00+00:00,34.68,36.439,33.88,35.12,123984344.0
2024-09-20 06:30:00+00:00,34.05,34.4,32.0401,33.55,108589554.0
2024-09-23 06:30:00+00:00,33.97,34.38,33.185,33.92,59731609.0
2024-09-24 06:30:00+00:00,34.84,35.7,33.58,35.07,83369640.0
2024-09-25 06:30:00+00:00,34.71,36.46,34.65,35.74,73587502.0
2024-09-26 06:30:00+00:00,40.2,40.51,36.71,39.65,138171824.0
2024-09-27 06:30:00+00:00,40.0,40.01,37.105,37.66,85253521.0
2024-09-30 06:30:00+00:00,36.25,37.41,35.0521,36.68,74673962.0
2024-10-01 06:30:00+00:00,36.59,36.99,32.745,33.83,124928283.0
2024-10-02 06:30:00+00:00,33.85,36.05,33.16,34.96,81729072.0
2024-10-03 06:30:00+00:00,34.07,36.61,33.98,35.21,86857198.0
2024-10-04 06:30:00+00:00,37.31,37.53,35.4501,36.68,101125442.0
2024-10-07 06:30:00+00:00,35.92,37.24,35.565,36.41,73150171.0
2024-10-08 06:30:00+00:00,36.42,37.8312,35.66,37.46,66629653.0
2024-10-09 06:30:00+00:00,37.29,38.76,36.5312,38.61,67182752.0
2024-10-10 06:30:00+00:00,37.1,38.42,36.36,37.83,79999048.0
2024-10-11 06:30:00+00:00,36.93,39.05,36.86,38.67,58434532.0
2024-10-14 06:30:00+00:00,39.44,41.06,39.35,40.82,69661768.0
2024-10-15 06:30:00+00:00,40.49,41.19,33.6398,34.47,131664163.0
2024-10-16 06:30:00+00:00,35.75,35.75,34.0,34.46,70233035.0
2024-10-17 06:30:00+00:00,37.17,37.36,35.21,35.21,97549025.0
2024-10-18 06:30:00+00:00,36.25,36.33,34.85,35.27,56704336.0
2024-10-21 06:30:00+00:00,34.84,35.38,33.73,35.09,59115789.0
2024-10-22 06:30:00+00:00,34.4,35.03,33.845,34.69,51493103.0
2024-10-23 06:30:00+00:00,34.41,34.88,32.29,33.8,81658292.0
2024-10-24 06:30:00+00:00,34.58,34.7364,33.53,34.29,60128283.0
2024-10-25 06:30:00+00:00,35.19,36.8699,35.17,35.28,82300522.0
2024-10-28 06:30:00+00:00,35.3,36.09,34.75,35.35,51661086.0
2024-10-29 06:30:00+00:00,35.46,38.445,34.9413,37.98,72288158.0
2024-10-30 06:30:00+00:00,34.97,35.695,33.911,34.01,89440103.0
2024-10-31 06:30:00+00:00,33.01,33.02,29.23,30.09,135437845.0
2024-11-01 06:30:00+00:00,30.69,31.83,30.38,30.83,80726045.0
2024-11-04 06:30:00+00:00,30.61,31.67,30.01,30.35,60422389.0
2024-11-05 06:30:00+00:00,30.36,31.49,30.25,31.38,63174860.0
2024-11-06 06:30:00+00:00,33.25,34.5,32.4,34.12,97893065.0
2024-11-07 06:30:00+00:00,35.77,36.37,35.44,36.21,77945840.0
2024-11-08 06:30:00+00:00,35.56,36.28,34.835,35.41,62666318.0
2024-11-11 06:30:00+00:00,34.35,34.41,31.48,32.77,99155706.0
2024-11-12 06:30:00+00:00,32.37,32.55,30.38,31.67,75694779.0
2024-11-13 06:30:00+00:00,30.83,31.2198,29.47,29.69,92269201.0
2024-11-14 06:30:00+00:00,30.59,30.835,29.3801,29.6,68994185.0
2024-11-15 06:30:00+00:00,28.01,28.49,26.43,26.66,113560215.0
2024-11-18 06:30:00+00:00,26.7,27.83,26.3,27.67,70735082.0
2024-11-19 06:30:00+00:00,27.37,28.0299,27.09,27.85,57030590.0
2024-11-20 06:30:00+00:00,27.335,27.56,26.0,27.13,90911692.0
2024-11-21 06:30:00+00:00,28.05,28.92,26.47,28.49,106013212.0
2024-11-22 06:30:00+00:00,28.25,28.69,27.84,28.49,52604110.0
2024-11-25 06:30:00+00:00,29.58,30.0996,28.74,29.33,70535997.0
2024-11-26 06:30:00+00:00,30.04,30.25,27.46,28.13,73204151.0
2024-11-27 06:30:00+00:00,27.68,27.75,25.582,26.98,84235679.0
2024-11-29 06:30:00+00:00,27.55,29.0402,27.5,28.06,54303368.0
2024-12-02 06:30:00+00:00,28.56,30.8,28.46,30.2,89389849.0
2024-12-03 06:30:00+00:00,29.58,30.28,29.4,29.73,59730276.0
2024-12-04 06:30:00+00:00,31.54,31.56,30.24,30.88,67498756.0
2024-12-05 06:30:00+00:00,30.75,30.8699,28.88,29.12,59282094.0
2024-12-06 06:30:00+00:00,29.2,29.8582,28.9,29.61,49152300.0
2024-12-09 06:30:00+00:00,29.07,30.32,28.61,29.23,54963034.0
2024-12-10 06:30:00+00:00,29.43,29.53,26.56,27.06,77681748.0
2024-12-11 06:30:00+00:00,28.33,29.63,27.79,29.12,77277444.0
2024-12-12 06:30:00+00:00,28.45,28.825,27.74,28.46,59937606.0
2024-12-13 06:30:00+00:00,30.37,31.31,29.485,30.7,103693876.0
2024-12-16 06:30:00+00:00,31.12,32.95,30.39,32.51,85469692.0
2024-12-17 06:30:00+00:00,31.58,32.09,30.55,31.13,64499047.0
2024-12-18 06:30:00+00:00,31.78,32.48,27.0,27.83,102912170.0
2024-12-19 06:30:00+00:00,27.97,28.0098,26.06,26.3,86520102.0
2024-12-20 06:30:00+00:00,25.82,28.37,25.59,27.3,108080179.0
2024-12-23 06:30:00+00:00,27.89,29.76,27.86,29.59,79330921.0
2024-12-24 06:30:00+00:00,30.26,30.57,29.655,30.48,39963672.0
2024-12-26 06:30:00+00:00,29.9,31.1,29.76,30.57,45348999.0
2024-12-27 06:30:00+00:00,29.98,30.18,28.59,29.69,59316266.0
2024-12-30 06:30:00+00:00,28.24,28.7761,27.32,27.94,64858952.0
2024-12-31 06:30:00+00:00,28.2,28.57,26.93,27.31,61199479.0
2025-01-02 06:30:00+00:00,28.13,29.0482,27.035,27.67,80996342.0
2025-01-03 06:30:00+00:00,28.32,30.118,28.16,29.82,72119602.0
2025-01-06 06:30:00+00:00,31.81,33.63,31.81,32.49,95159507.0
2025-01-07 06:30:00+00:00,33.57,33.73,30.6,31.15,79205733.0
2025-01-08 06:30:00+00:00,30.8,31.01,29.1754,30.18,69523496.0
2025-01-10 06:30:00+00:00,29.06,29.09,27.44,28.06,85395014.0
2025-01-13 06:30:00+00:00,26.44,27.87,26.25,27.85,68286432.0
2025-01-14 06:30:00+00:00,28.47,28.96,27.18,28.12,79759426.0
2025-01-15 06:30:00+00:00,29.65,30.46,29.3,29.94,69461329.0
2025-01-16 06:30:00+00:00,31.46,31.72,29.99,29.99,78881063.0
2025-01-17 06:30:00+00:00,32.03,32.71,31.48,32.49,69688879.0
2025-01-21 06:30:00+00:00,33.33,34.53,32.5,33.69,60897492.0
2025-01-22 06:30:00+00:00,34.69,36.15,34.41,35.15,57709383.0
2025-01-23 06:30:00+00:00,33.44,34.92,33.01,34.92,44900567.0
2025-01-24 06:30:00+00:00,34.94,34.94,32.31,32.65,60111512.0
2025-01-27 06:30:00+00:00,27.66,28.08,23.84,25.06,198431785.0
2025-01-28 06:30:00+00:00,25.44,25.8,23.75,25.37,103185306.0
2025-01-29 06:30:00+00:00,26.11,26.295,24.851,25.68,94141654.0
2025-01-30 06:30:00+00:00,26.58,27.67,26.14,27.15,87140373.0
2025-01-31 06:30:00+00:00,27.63,29.25,26.7,27.02,102622455.0
2025-02-03 06:30:00+00:00,24.8,26.49,24.31,25.61,103914273.0
2025-02-04 06:30:00+00:00,25.34,26.6,25.2,26.25,60520488.0
2025-02-05 06:30:00+00:00,26.09,27.9499,25.54,27.7,70330721.0
2025-02-06 06:30:00+00:00,27.17,27.8,26.7207,27.69,59735114.0
2025-02-07 06:30:00+00:00,27.87,28.28,25.8,26.33,87930828.0
2025-02-10 06:30:00+00:00,26.92,27.55,26.9,27.35,53330525.0
2025-02-11 06:30:00+00:00,26.68,27.9,26.68,27.4,43880483.0
2025-02-12 06:30:00+00:00,26.18,27.54,25.95,27.54,57999332.0
2025-02-13 06:30:00+00:00,27.49,28.55,27.4,28.47,61026256.0
2025-02-14 06:30:00+00:00,28.485,28.82,28.105,28.55,43089587.0
2025-02-18 06:30:00+00:00,29.2,30.23,28.71,29.99,60222218.0
2025-02-19 06:30:00+00:00,30.19,31.89,29.7601,31.47,58412708.0
2025-02-20 06:30:00+00:00,32.06,32.64,30.7,31.7,50903178.0
2025-02-21 06:30:00+00:00,31.905,31.96,28.4,28.81,61966471.0
2025-02-24 06:30:00+00:00,29.16,29.26,26.66,26.76,63724102.0
2025-02-25 06:30:00+00:00,26.655,26.92,24.82,25.07,90907486.0
2025-02-26 06:30:00+00:00,25.99,27.0,25.52,26.29,75869463.0
2025-02-27 06:30:00+00:00,26.78,26.9,21.7301,21.75,144841614.0
2025-02-28 06:30:00+00:00,21.8,23.2199,21.0201,22.73,110939359.0
2025-03-03 06:30:00+00:00,23.715,23.73,19.71,20.51,141822082.0
2025-03-04 06:30:00+00:00,20.28,22.261,19.0,20.65,154119835.0
2025-03-05 06:30:00+00:00,21.25,22.16,20.12,21.95,117702361.0
2025-03-06 06:30:00+00:00,19.71,21.02,19.01,19.23,164277616.0
2025-03-07 06:30:00+00:00,19.5,21.0899,18.75,20.88,139349188.0
2025-03-10 06:30:00+00:00,19.34,19.8,17.1,17.99,169215153.0
2025-03-11 06:30:00+00:00,18.05,18.495,16.51,17.41,161267037.0
2025-03-12 06:30:00+00:00,18.54,19.11,17.9038,18.3,137654518.0
2025-03-13 06:30:00+00:00,18.38,19.2699,17.575,18.09,117160233.0
2025-03-14 06:30:00+00:00,19.06,19.93,18.99,19.8,99718707.0
2025-03-17 06:30:00+00:00,19.51,21.28,19.5,20.79,82794205.0
2025-03-18 06:30:00+00:00,20.19,20.4,19.52,19.93,79140867.0
2025-03-19 06:30:00+00:00,19.89,21.37,19.46,20.38,83249653.0
2025-03-20 06:30:00+00:00,19.61,20.57,19.5854,19.93,80380581.0
2025-03-21 06:30:00+00:00,18.82,19.4864,18.37,19.28,84348316.0
2025-03-24 06:30:00+00:00,20.48,21.3651,20.37,21.0,91671321.0
2025-03-25 06:30:00+00:00,20.83,21.0199,20.35,20.55,57784407.0
2025-03-26 06:30:00+00:00,20.3,20.51,18.2,18.79,95647343.0
2025-03-27 06:30:00+00:00,18.165,18.4099,17.3601,17.76,103112847.0
2025-03-28 06:30:00+00:00,17.33,17.59,15.74,16.03,138232446.0
2025-03-31 06:30:00+00:00,15.07,15.9761,14.4,15.95,111345606.0
2025-04-01 06:30:00+00:00,15.725,15.99,14.825,15.95,106085048.0
2025-04-02 06:30:00+00:00,15.19,16.89,15.03,16.26,141655172.0
2025-04-03 06:30:00+00:00,13.81,14.12,11.4,11.41,302517423.0
2025-04-04 06:30:00+00:00,10.05,10.4299,8.175,8.73,499158093.0
2025-04-07 06:30:00+00:00,7.88,10.98,7.225,9.15,723467252.0
2025-04-08 06:30:00+00:00,10.41,10.84,7.6,8.25,488735466.0
2025-04-09 06:30:00+00:00,8.475,13.11,8.24,12.77,787748763.0
2025-04-10 06:30:00+00:00,10.915,11.14,8.35,9.63,686331766.0
2025-04-11 06:30:00+00:00,9.35,10.39,8.91,10.23,412972884.0
2025-04-14 06:30:00+00:00,11.145,11.16,9.97,10.47,358849474.0
2025-04-15 06:30:00+00:00,10.6,11.02,10.41,10.6,230001439.0
2025-04-16 06:30:00+00:00,9.13,9.75,8.33,9.34,362439275.0
2025-04-17 06:30:00+00:00,9.55,9.55,8.9,9.2,233659091.0
2025-04-21 06:30:00+00:00,8.67,8.74,8.15,8.71,255318101.0
2025-04-22 06:30:00+00:00,8.955,9.4,8.85,9.18,249211896.0
2025-04-23 06:30:00+00:00,10.58,10.9,10.1,10.29,368456056.0
2025-04-24 06:30:00+00:00,11.05,12.09,10.85,12.0,339636701.0
2025-04-25 06:30:00+00:00,11.63,12.59,11.51,12.34,274438478.0
2025-04-28 06:30:00+00:00,12.16,12.53,11.45,12.29,203468940.0
2025-04-29 06:30:00+00:00,11.81,12.27,11.62,11.86,184045131.0
2025-04-30 06:30:00+00:00,10.99,12.21,10.75,12.16,229393170.0
2025-05-01 06:30:00+00:00,12.535,12.8089,12.05,12.1,203349539.0
2025-05-02 06:30:00+00:00,12.89,13.685,12.89,13.29,223410585.0
2025-05-05 06:30:00+00:00,12.925,13.41,12.87,13.05,127572323.0
2025-05-06 06:30:00+00:00,12.33,12.95,12.12,12.64,158548727.0
2025-05-07 06:30:00+00:00,12.61,13.4,12.23,13.28,190946270.0
2025-05-08 06:30:00+00:00,13.835,14.34,13.38,13.66,203277011.0
2025-05-09 06:30:00+00:00,14.21,14.47,13.74,14.11,149644530.0
2025-05-12 06:30:00+00:00,16.89,17.47,16.5,17.13,263806032.0
2025-05-13 06:30:00+00:00,17.36,18.86,17.28,18.6,212931756.0
2025-05-14 06:30:00+00:00,18.97,19.3651,18.43,18.84,179343147.0
2025-05-15 06:30:00+00:00,18.315,18.91,17.82,18.47,141287601.0
2025-05-16 06:30:00+00:00,18.53,18.6,17.7612,18.39,113068594.0
2025-05-19 06:30:00+00:00,17.15,18.21,17.09,18.06,123632015.0
2025-05-20 06:30:00+00:00,17.62,18.0,17.44,17.97,84252460.0
2025-05-21 06:30:00+00:00,17.555,18.5899,16.65,17.0,149964824.0
2025-05-22 06:30:00+00:00,16.965,17.43,16.48,16.51,144981097.0
2025-05-23 06:30:00+00:00,15.21,16.0,15.1,15.73,179062559.0
2025-05-27 06:30:00+00:00,16.74,17.51,16.35,17.29,136539698.0
2025-05-28 06:30:00+00:00,17.43,17.57,16.895,17.04,126785336.0
2025-05-29 06:30:00+00:00,18.18,18.21,16.9,17.2,181707067.0
2025-05-30 06:30:00+00:00,16.9,16.9,15.24,16.17,194058663.0
2025-06-02 06:30:00+00:00,16.06,17.095,16.04,16.9,103936951.0
2025-06-03 06:30:00+00:00,16.93,18.38,16.575,18.3,158644042.0
2025-06-04 06:30:00+00:00,18.68,19.26,18.22,19.09,146325287.0
2025-06-05 06:30:00+00:00,19.49,19.99,18.42,18.81,188985577.0
2025-06-06 06:30:00+00:00,19.4,19.95,19.15,19.18,114398657.0
2025-06-09 06:30:00+00:00,19.71,21.06,19.68,20.58,162685954.0
2025-06-10 06:30:00+00:00,20.84,22.1,20.69,21.89,142811037.0
2025-06-11 06:30:00+00:00,22.36,22.595,20.99,21.64,160395008.0
2025-06-12 06:30:00+00:00,21.24,22.065,21.09,21.69,100384527.0
2025-06-13 06:30:00+00:00,20.32,21.06,19.84,20.04,166989595.0
2025-06-16 06:30:00+00:00,20.83,22.22,20.79,21.9,121972302.0
2025-06-17 06:30:00+00:00,21.61,22.53,21.34,21.42,122379506.0
2025-06-18 06:30:00+00:00,21.715,22.3799,21.23,21.61,113893759.0
2025-06-20 06:30:00+00:00,22.14,22.33,20.3701,21.21,137078938.0
2025-06-23 06:30:00+00:00,21.18,21.98,20.28,21.58,125143685.0
2025-06-24 06:30:00+00:00,22.66,24.03,22.63,23.95,137607991.0
2025-06-25 06:30:00+00:00,24.4,24.6,23.87,24.58,107621578.0
2025-06-26 06:30:00+00:00,25.18,25.355,24.59,25.2,92382200.0
2025-06-27 06:30:00+00:00,25.21,25.84,24.28,25.11,113655642.0
2025-06-30 06:30:00+00:00,25.49,25.5,24.68,25.11,78035001.0
2025-07-01 06:30:00+00:00,24.375,25.17,23.5801,24.71,107277343.0
2025-07-02 06:30:00+00:00,24.51,26.39,24.45,26.05,107157106.0
2025-07-03 06:30:00+00:00,26.4,26.72,26.23,26.43,62695849.0
2025-07-07 06:30:00+00:00,25.73,26.05,24.62,24.97,93297624.0
2025-07-08 06:30:00+00:00,25.63,27.03,25.36,26.37,90457488.0
2025-07-09 06:30:00+00:00,26.63,27.41,25.8925,26.65,86818681.0
2025-07-10 06:30:00+00:00,27.39,27.73,26.66,27.37,87602523.0
2025-07-11 06:30:00+00:00,26.85,27.54,26.55,27.29,71855387.0
2025-07-14 06:30:00+00:00,26.635,26.7712,25.3213,26.5,99670560.0
2025-07-15 06:30:00+00:00,28.05,28.46,27.205,27.29,108926203.0
2025-07-16 06:30:00+00:00,26.6,27.05,24.91,27.03,125700856.0
2025-07-17 06:30:00+00:00,26.96,27.5101,26.42,27.32,85334112.0
2025-07-18 06:30:00+00:00,27.66,27.9,26.755,27.33,68274331.0
2025-07-21 06:30:00+00:00,27.56,28.5,27.44,27.5,79860326.0
2025-07-22 06:30:00+00:00,27.12,27.28,25.34,26.32,118871562.0
2025-07-23 06:30:00+00:00,25.65,25.91,24.84,25.78,105639244.0
2025-07-24 06:30:00+00:00,25.66,25.79,24.95,25.62,77503286.0
2025-07-25 06:30:00+00:00,25.165,25.62,24.83,25.6,68037930.0
2025-07-28 06:30:00+00:00,26.38,26.99,26.3352,26.88,88108434.0
2025-07-29 06:30:00+00:00,27.41,28.16,26.5,27.03,101714456.0
2025-07-30 06:30:00+00:00,27.75,28.13,26.93,27.61,96772150.0
2025-07-31 06:30:00+00:00,26.7,26.74,24.2,24.98,133413756.0
2025-08-01 06:30:00+00:00,23.58,24.83,22.565,24.08,132665236.0
2025-08-04 06:30:00+00:00,24.59,25.1799,24.24,25.0,85963838.0
2025-08-05 06:30:00+00:00,25.42,25.68,23.61,24.52,99733426.0
2025-08-06 06:30:00+00:00,23.84,24.12,22.95,23.99,103447465.0
2025-08-07 06:30:00+00:00,25.48,25.88,24.53,25.0,117228393.0
2025-08-08 06:30:00+00:00,25.16,25.83,24.9,25.71,71389885.0
2025-08-11 06:30:00+00:00,26.03,26.885,25.45,25.61,75943484.0
2025-08-12 06:30:00+00:00,26.21,28.08,25.68,28.0,125910469.0
2025-08-13 06:30:00+00:00,28.65,29.33,28.31,29.27,89497115.0
2025-08-14 06:30:00+00:00,28.12,29.66,27.95,29.42,84286844.0
2025-08-15 06:30:00+00:00,28.71,28.71,27.07,27.37,93664662.0
2025-08-18 06:30:00+00:00,27.1,27.65,27.03,27.53,50310362.0
2025-08-19 06:30:00+00:00,27.57,27.86,26.1,26.24,75595120.0
2025-08-20 06:30:00+00:00,26.11,26.11,23.66,25.8,117636493.0
2025-08-21 06:30:00+00:00,25.4,25.9,24.905,25.35,67871086.0
2025-08-22 06:30:00+00:00,25.56,28.32,25.335,27.45,117140893.0
2025-08-25 06:30:00+00:00,27.35,27.58,26.81,27.3,55018743.0
2025-08-26 06:30:00+00:00,27.53,28.22,27.52,27.94,57544326.0
2025-08-27 06:30:00+00:00,27.61,28.23,27.28,28.18,61375213.0
2025-08-28 06:30:00+00:00,28.41,29.11,27.96,28.53,74466372.0
2025-08-29 06:30:00+00:00,27.315,27.35,25.67,26.04,108411318.0
2025-09-02 06:30:00+00:00,24.08,25.275,23.8,25.25,101906668.0
2025-09-03 06:30:00+00:00,25.41,25.41,24.12,24.91,79482164.0
2025-09-04 06:30:00+00:00,24.41,25.73,23.98,25.65,81641173.0
2025-09-05 06:30:00+00:00,26.82,26.9656,25.6,26.45,110749436.0
2025-09-08 06:30:00+00:00,26.96,27.43,26.68,27.08,72341742.0
2025-09-09 06:30:00+00:00,27.165,27.37,26.5699,27.18,55882318.0
2025-09-10 06:30:00+00:00,28.48,28.83,28.067509,28.6,86721576.0
2025-09-11 06:30:00+00:00,29.055,29.61,28.97,29.17,69919842.0
2025-09-12 06:30:00+00:00,29.37,29.55,28.79,29.3,52502568.0
2025-09-15 06:30:00+00:00,29.14,30.03,28.92,30.0,61267957.0
2025-09-16 06:30:00+00:00,30.33,30.65,29.79,30.48,54148198.0
2025-09-17 06:30:00+00:00,30.28,31.25,29.16,30.47,80483924.0
2025-09-18 06:30:00+00:00,32.76,34.14,32.43,33.64,104513292.0
2025-09-19 06:30:00+00:00,33.56,33.6,32.12,33.02,66106137.0
2025-09-22 06:30:00+00:00,33.195,34.75,33.19,34.43,62948159.0
2025-09-23 06:30:00+00:00,34.7,35.2999,33.665,34.3,63661723.0
2025-09-24 06:30:00+00:00,33.96,34.39,32.81,34.2,58369917.0
2025-09-25 06:30:00+00:00,32.44,34.06,31.36,33.85,79969598.0
2025-09-26 06:30:00+00:00,33.93,34.23,32.83,34.02,60944517.0
2025-09-29 06:30:00+00:00,35.03,35.49,33.99,34.02,56593682.0
2025-09-30 06:30:00+00:00,34.065,34.955,33.5734,34.84,60696784.0
2025-10-01 06:30:00+00:00,34.18,36.98,33.98,36.86,67094664.0
2025-10-02 06:30:00+00:00,38.96,39.32,38.14,39.08,68834360.0
2025-10-03 06:30:00+00:00,39.475,40.06,37.62,38.23,69252451.0
2025-10-06 06:30:00+00:00,42.83,43.37,41.66,41.71,99880312.0
2025-10-07 06:30:00+00:00,42.78,43.0157,38.7003,38.83,96375863.0
2025-10-08 06:30:00+00:00,38.87,42.94,38.68,42.78,77149758.0
2025-10-09 06:30:00+00:00,42.58,42.84,41.01,42.24,63095734.0
2025-10-10 06:30:00+00:00,42.52,42.84,34.165,34.21,204858945.0
2025-10-13 06:30:00+00:00,38.23,39.47,37.37,39.14,89274051.0
2025-10-14 06:30:00+00:00,36.62,39.005,35.95,36.63,100358199.0
2025-10-15 06:30:00+00:00,39.55,40.17,37.71,39.98,96059772.0
2025-10-16 06:30:00+00:00,41.45,41.925,39.28,40.57,89397028.0
2025-10-17 06:30:00+00:00,39.61,40.8045,38.32,40.29,92083361.0
2025-10-20 06:30:00+00:00,41.16,43.04,41.13,42.24,62424470.0
2025-10-21 06:30:00+00:00,41.805,42.0263,40.5201,41.51,54386720.0
2025-10-22 06:30:00+00:00,40.075,40.81,35.965,38.39,110646684.0
2025-10-23 06:30:00+00:00,37.73,41.47,37.55,41.17,72467001.0
2025-10-24 06:30:00+00:00,43.43,44.1565,42.96,43.14,69872492.0
2025-10-27 06:30:00+00:00,45.49,47.16,45.135,46.84,72684112.0
2025-10-28 06:30:00+00:00,46.435,47.605,45.94,46.96,53994951.0
2025-10-29 06:30:00+00:00,49.37,50.76,48.05,49.38,88268792.0
2025-10-30 06:30:00+00:00,48.5,49.97,47.2701,47.39,76956282.0
2025-10-31 06:30:00+00:00,48.77,49.99,46.71,47.78,75650410.0
2025-11-03 06:30:00+00:00,49.5,50.19,48.03,48.58,52610598.0
2025-11-04 06:30:00+00:00,44.77,46.8784,42.5301,42.8,87734250.0
2025-11-05 06:30:00+00:00,43.22,48.43,43.2117,46.83,76488923.0
2025-11-06 06:30:00+00:00,46.46,46.99,42.1541,43.01,106419629.0
2025-11-07 06:30:00+00:00,41.1,41.74,37.04,41.74,143013492.0
2025-11-10 06:30:00+00:00,45.06,45.52,43.4601,44.96,74223272.0
2025-11-11 06:30:00+00:00,43.72,44.04,41.65,41.81,80862657.0
2025-11-12 06:30:00+00:00,44.01,44.63,42.85,43.71,77730881.0
2025-11-13 06:30:00+00:00,42.17,42.635,38.0,39.22,126123730.0
2025-11-14 06:30:00+00:00,35.74,40.5999,35.1501,38.86,125398567.0
2025-11-17 06:30:00+00:00,37.9,40.08,35.532,36.84,101936577.0
2025-11-18 06:30:00+00:00,35.31,36.005,33.15,34.35,153515794.0
2025-11-19 06:30:00+00:00,34.72,37.3,34.2,35.96,120458904.0
2025-11-20 06:30:00+00:00,38.79,39.19,30.405,30.81,228883579.0
2025-11-21 06:30:00+00:00,30.85,33.04,28.12,31.73,205537921.0
2025-11-24 06:30:00+00:00,32.69,36.31,32.65,35.86,108832472.0
2025-11-25 06:30:00+00:00,34.34,36.45,32.05,36.17,108634652.0
2025-11-26 06:30:00+00:00,37.44,40.145,37.3,39.19,104203889.0
2025-11-28 06:30:00+00:00,39.65,41.33,39.25,41.26,57190383.0
2025-12-01 06:30:00+00:00,39.575,42.36,39.46,41.31,79426185.0
2025-12-02 06:30:00+00:00,42.79,44.61,42.03,43.8,111736203.0
2025-12-03 06:30:00+00:00,44.45,46.68,43.15,46.58,94299305.0
2025-12-04 06:30:00+00:00,45.89,46.0979,44.4399,45.16,77656860.0
2025-12-05 06:30:00+00:00,46.47,48.05,46.3,46.5,77049801.0
2025-12-08 06:30:00+00:00,47.56,48.6,46.7001,47.99,69224952.0
2025-12-09 06:30:00+00:00,47.04,48.045,46.47,47.79,56373266.0
2025-12-10 06:30:00+00:00,47.645,50.09,47.01,49.65,91153108.0
2025-12-11 06:30:00+00:00,48.01,48.898,44.66,48.79,88062977.0
2025-12-12 06:30:00+00:00,46.92,47.38,41.06,41.71,138088157.0
2025-12-15 06:30:00+00:00,43.105,43.42,40.8,41.18,78218561.0
2025-12-16 06:30:00+00:00,40.75,41.6599,39.24,40.49,94566659.0
2025-12-17 06:30:00+00:00,41.0,41.32,35.7,36.01,126113940.0
2025-12-18 06:30:00+00:00,39.97,40.4162,38.11,38.58,97163997.0
2025-12-19 06:30:00+00:00,39.6,42.36,39.5,41.72,92529110.0
2025-12-22 06:30:00+00:00,44.45,44.56,42.73,43.26,62717429.0
2025-12-23 06:30:00+00:00,42.615,43.8,42.22,43.7,44455671.0
2025-12-24 06:30:00+00:00,43.72,44.36,43.59,44.21,30717753.0
2025-12-26 06:30:00+00:00,44.75,44.79,43.81,44.21,38006427.0
2025-12-29 06:30:00+00:00,42.98,44.325,42.35,43.82,54612080.0
2025-12-30 06:30:00+00:00,44.15,44.75,43.57,43.67,40697363.0
2025-12-31 06:30:00+00:00,43.89,44.15,42.01,42.03,44754816.0
2026-01-02 06:30:00+00:00,45.13,48.09,45.08,47.24,132719716.0
2026-01-05 06:30:00+00:00,50.345,51.22,48.63,49.22,94987531.0
2026-01-06 06:30:00+00:00,51.105,54.3,51.07,54.01,92678645.0
2026-01-07 06:30:00+00:00,52.2,52.74,50.84,52.29,65698487.0
2026-01-08 06:30:00+00:00,51.798,51.809,48.13,49.65,79844752.0
2026-01-09 06:30:00+00:00,51.085,54.76,50.31,53.95,87214366.0
2026-01-12 06:30:00+00:00,52.385,55.145,52.35,54.65,53193667.0
2026-01-13 06:30:00+00:00,55.69,57.63,55.43,56.07,61895357.0
2026-01-14 06:30:00+00:00,54.89,55.44,53.0,55.38,70434851.0
2026-01-15 06:30:00+00:00,60.955,61.665,58.01,58.08,89664307.0
2026-01-16 06:30:00+00:00,61.19,62.185,59.5,60.75,58559515.0
2026-01-20 06:30:00+00:00,57.34,61.05,57.22,57.94,71408349.0
2026-01-21 06:30:00+00:00,60.24,65.11,59.46,63.48,103027334.0
2026-01-22 06:30:00+00:00,66.9,66.96,63.042,63.72,62594176.0
2026-01-23 06:30:00+00:00,62.48,63.36,60.15,61.6,58613555.0
2026-01-26 06:30:00+00:00,60.75,61.955,59.6,60.7,42592439.0
2026-01-27 06:30:00+00:00,63.31,65.99,62.54,64.96,61155421.0
2026-01-28 06:30:00+00:00,69.0,70.93,67.975,70.09,74205465.0
2026-01-29 06:30:00+00:00,70.398,71.98,62.65,70.47,78058215.0
2026-01-30 06:30:00+00:00,67.12,69.86,60.29,61.79,83504157.0
2026-02-02 06:30:00+00:00,59.46,66.94,59.1,65.2,66960964.0
2026-02-03 06:30:00+00:00,66.81,67.62,57.02,61.2,101338454.0
2026-02-04 06:30:00+00:00,59.44,61.03,49.33,53.19,139149384.0
2026-02-05 06:30:00+00:00,51.305,55.49,50.01,53.25,109350335.0
2026-02-06 06:30:00+00:00,56.4,62.25,55.67,61.75,108594233.0
2026-02-09 06:30:00+00:00,59.99,65.045,59.29,64.03,66670511.0
2026-02-10 06:30:00+00:00,64.67,65.21,61.42,63.34,58273908.0
2026-02-11 06:30:00+00:00,67.21,69.095,63.2299,68.05,89724221.0
2026-02-12 06:30:00+00:00,69.67,70.86,62.77,63.1,90896096.0
2026-02-13 06:30:00+00:00,63.925,66.25,61.43,64.59,79931289.0
2026-02-17 06:30:00+00:00,62.02,65.96,59.56,64.35,79420360.0
2026-02-18 06:30:00+00:00,65.255,68.445,64.07,66.29,69348988.0
2026-02-19 06:30:00+00:00,64.33,65.51,62.96,65.23,68827490.0
2026-02-20 06:30:00+00:00,63.76,68.22,63.58,67.11,81017925.0
2026-02-23 06:30:00+00:00,65.85,67.65,63.47,65.86,66926259.0
2026-02-24 06:30:00+00:00,68.11,69.995,66.35,68.53,66892148.0
2026-02-25 06:30:00+00:00,70.885,72.36,70.48,71.86,52929283.0
2026-02-26 06:30:00+00:00,71.03,71.11,61.63,65.34,97787941.0
2026-02-27 06:30:00+00:00,61.505,63.76,60.655,62.77,70112717.0
2026-03-02 06:30:00+00:00,58.11,62.82,58.05,62.76,81699785.0
2026-03-03 06:30:00+00:00,55.115,55.86,51.36,53.42,131198315.0
2026-03-04 06:30:00+00:00,55.96,57.72,54.38,56.62,78143326.0
2026-03-05 06:30:00+00:00,55.315,57.6906,51.13,54.8,110055840.0
2026-03-06 06:30:00+00:00,50.09,53.36,46.8,47.89,125241492.0
2026-03-09 06:30:00+00:00,45.51,53.78,44.53,53.32,114897710.0
2026-03-10 06:30:00+00:00,53.36,57.78,53.36,54.59,104717622.0
2026-03-11 06:30:00+00:00,55.5,57.74,55.35,56.09,83007700.0
2026-03-12 06:30:00+00:00,53.53,53.88,49.53,50.28,105674414.0
2026-03-13 06:30:00+00:00,51.875,53.96,50.04,50.72,83244323.0
2026-03-16 06:30:00+00:00,54.06,55.68,53.01,53.69,79819185.0
2026-03-17 06:30:00+00:00,55.1,55.4,53.3,54.95,59567715.0
2026-03-18 06:30:00+00:00,55.03,56.48,54.0,54.02,75470042.0
2026-03-19 06:30:00+00:00,49.53,56.11,48.5,54.85,93732709.0
2026-03-20 06:30:00+00:00,54.69,55.36,49.0,51.14,101773048.0
2026-03-23 06:30:00+00:00,54.63,56.81,52.2801,53.03,115257370.0
2026-03-24 06:30:00+00:00,51.54,56.09,51.535,54.96,92153492.0
2026-03-25 06:30:00+00:00,56.64,58.25,55.59,57.04,84440286.0
2026-03-26 06:30:00+00:00,54.19,54.44,48.87,48.97,116603795.0
2026-03-27 06:30:00+00:00,48.035,49.38,45.96,46.61,99401414.0
2026-03-30 06:30:00+00:00,47.86,48.29,39.52,40.62,139746174.0
2026-03-31 06:30:00+00:00,42.88,48.18,42.61,47.91,138002112.0
2026-04-01 06:30:00+00:00,50.04,54.085,49.62,52.26,121955587.0
2026-04-02 06:30:00+00:00,46.06,53.07,46.05,52.75,104471718.0
2026-04-06 06:30:00+00:00,53.75,55.595,52.88,54.81,68780424.0
2026-04-07 06:30:00+00:00,54.32,56.6,52.13,56.55,107326502.0
2026-04-08 06:30:00+00:00,66.33,67.9799,63.56,67.5,111697275.0
2026-04-09 06:30:00+00:00,68.12,72.28,68.12,71.98,79331609.0
2026-04-10 06:30:00+00:00,74.295,78.3,74.295,76.39,78863608.0
2026-04-13 06:30:00+00:00,75.59,80.74,75.25,80.56,64504596.0
2026-04-14 06:30:00+00:00,83.27,85.57,80.71,85.31,61656971.0
2026-04-15 06:30:00+00:00,84.66,85.98,79.76,85.96,68425440.0
2026-04-16 06:30:00+00:00,85.01,89.39,83.31,88.37,63777477.0
2026-04-17 06:30:00+00:00,93.195,94.75,90.66,94.68,67081435.0
