日期,SPY 超短,SPY 短线,SPY 中线,QQQ 超短,QQQ 短线,QQQ中线,SOXL 超短,SOXL 短线,SOXL中线,UVXY 超短,UVXY 短线,UVXY中线,SPY,QQQ,SOXL,UVXY
1/3/2025,38,27,69,37,21,71,48,37,22,,,,591.95,518.58,29.82,
1/6/2025,66,40,70,67,37,72,82,57,33,,,,595.36,524.54,32.49,
1/7/2025,52,46,64,53,43,68,73,71,30,,,,588.63,515.18,31.15,
1/8/2025,40,44,65,39,40,68,50,70,28,,,,589.49,515.27,30.18,
1/10/2025,23,27,59,24,25,63,55,52,24,,,,580.49,507.19,28.06,
1/13/2025,23,27,59,24,25,63,55,52,24,,,,581.39,505.56,27.85,
1/14/2025,24,18,47,17,15,51,23,28,20,,,,582.19,505.08,28.12,
1/15/2025,56,37,56,46,30,59,42,34,24,,,,592.78,516.7,29.94,
1/16/2025,74,50,55,58,38,56,56,41,24,,,,591.64,513.08,29.99,
1/17/2025,88,72,60,79,58,62,81,61,30,,,,597.58,521.74,32.49,
1/21/2025,98,84,68,96,70,64,95,74,42,,,,603.05,524.8,33.69,
1/22/2025,99,96,71,97,87,68,97,88,45,,,,606.44,531.51,35.15,
1/23/2025,98,99,72,92,93,69,84,89,45,,,,609.75,532.64,34.92,
1/24/2025,94,96,69,90,92,67,67,81,39,,,,607.97,529.63,32.65,
1/27/2025,54,86,82,36,75,70,20,54,36,,,,599.37,514.21,25.06,
1/28/2025,56,81,86,37,66,75,11,20,37,,,,604.52,521.81,25.37,
1/29/2025,52,75,84,46,57,74,15,13,38,,,,601.81,520.83,25.68,
1/30/2025,53,80,86,48,55,76,22,19,41,,,,605.04,523.05,27.15,
1/31/2025,66,77,84,64,65,74,33,23,41,,,,601.82,522.29,27.02,
2/3/2025,37,73,81,37,62,73,21,23,31,,,,597.77,518.11,25.61,
2/4/2025,49,65,85,54,60,77,28,21,33,,,,601.78,524.47,26.25,
2/5/2025,63,62,86,72,61,78,62,22,37,,,,604.22,526.85,27.7,
2/6/2025,76,68,88,83,71,80,66,28,37,,,,606.32,529.6,27.69,
2/7/2025,65,65,83,71,69,76,48,28,33,,,,600.77,522.92,26.33,
2/10/2025,66,66,80,77,72,75,55,27,24,,,,604.85,529.25,27.35,
2/11/2025,75,64,81,81,70,73,67,27,24,,,,605.31,527.99,27.4,
2/12/2025,67,69,79,74,78,74,70,32,33,,,,603.36,528.3,27.54,
2/13/2025,80,79,85,86,84,79,89,51,27,,,,609.73,535.9,28.47,
2/14/2025,91,85,85,95,91,81,90,69,27,,,,609.7,538.15,28.55,
2/18/2025,94,97,92,94,98,90,93,90,37,6,2,5,611.49,539.37,29.99,88.7
2/19/2025,97,97,91,95,97,90,95,92,40,7,2,5,612.93,539.52,31.47,87.3
2/20/2025,84,96,89,83,94,87,87,93,41,13,4,6,610.38,537.23,31.7,87.75
2/21/2025,45,76,80,51,78,79,61,79,33,51,17,11,599.94,526.08,28.81,97
2/24/2025,14,44,72,16,48,72,24,54,33,72,44,13,597.21,519.87,26.76,97.85
2/25/2025,14,22,71,10,24,66,4,26,33,68,63,14,594.24,513.32,25.07,98.7
2/26/2025,23,14,70,18,11,67,15,14,33,55,65,12,594.54,514.56,26.29,95.95
2/27/2025,12,13,62,8,10,56,8,7,27,79,68,15,585.05,500.27,21.75,104.1
2/28/2025,16,20,70,12,14,63,8,11,30,79,68,15,594.18,508.17,22.73,100.55
3/3/2025,18,17,45,14,11,33,12,7,19,70,81,30,583.77,497.05,20.51,113.9
3/4/2025,14,20,42,14,16,32,13,11,21,74,74,32,576.86,495.55,20.65,117.85
3/5/2025,26,20,47,31,17,40,25,13,23,57,71,27,583.06,502.01,21.95,110
3/6/2025,17,14,40,20,15,32,15,12,18,73,72,37,572.71,488.2,19.23,127.5
3/7/2025,20,18,46,21,17,38,15,13,22,70,71,31,575.92,491.79,20.88,119.3
3/10/2025,15,12,26,13,9,17,14,7,9,95,86,57,560.58,472.73,17.99,138.75
3/11/2025,9,12,26,9,9,17,11,9,9,86,81,53,555.92,471.6,17.41,138.05
3/12/2025,15,9,28,21,9,19,26,8,11,62,79,48,558.87,476.92,18.3,128.15
3/13/2025,10,7,25,14,8,16,31,10,11,55,73,52,551.42,468.34,18.09,135.65
3/14/2025,28,14,31,27,14,21,53,19,13,37,61,43,562.81,479.66,19.8,118.95
3/17/2025,52,22,33,50,20,21,80,28,17,19,51,49,567.15,482.77,20.79,111.9
3/18/2025,52,28,33,44,24,21,77,27,15,10,40,51,561.02,474.54,19.93,116.25
3/19/2025,72,32,33,61,26,21,77,42,22,9,32,48,567.13,480.89,20.38,110.6
3/20/2025,78,31,33,69,25,21,70,45,15,9,27,46,565.49,479.26,19.93,108
3/21/2025,72,38,22,67,32,19,49,50,14,7,15,46,563.98,480.84,19.28,107.8
3/24/2025,89,51,29,89,44,24,75,59,18,3,8,33,574.08,490.66,21,96.95
3/25/2025,93,69,30,96,64,25,80,71,17,6,3,33,575.46,493.46,20.55,98.35
3/26/2025,74,79,26,74,73,21,36,71,14,25,6,36,568.59,484.38,18.79,102.85
3/27/2025,56,77,25,52,70,20,12,53,13,37,11,37,567.08,481.62,17.76,104.1
3/28/2025,18,55,19,16,45,14,5,27,11,78,22,44,555.66,468.94,16.03,116.85
3/31/2025,23,46,19,18,33,13,12,18,8,75,33,43,559.39,468.92,15.95,117.15
4/1/2025,44,39,19,37,29,14,20,17,8,64,45,43,560.97,472.7,15.95,117.5
4/2/2025,57,51,22,50,43,16,27,24,8,53,48,40,564.52,476.15,16.26,112.75
4/3/2025,25,36,12,21,32,8,10,17,5,63,65,60,536.7,450.66,11.41,154.4
4/4/2025,2,20,11,2,18,7,4,10,4,94,80,58,505.28,422.67,8.73,198.95
4/7/2025,15,8,10,16,8,7,13,6,3,81,88,71,504.38,423.69,9.15,198.75
4/8/2025,13,8,8,15,8,5,12,5,2,84,83,75,496.48,416.06,8.25,238.45
4/9/2025,38,37,21,31,36,17,28,20,8,67,64,61,548.62,466,12.77,163.05
4/10/2025,37,36,15,30,35,12,27,19,4,70,64,70,524.58,446.18,9.63,209
4/11/2025,63,57,17,67,58,14,33,27,5,61,56,69,533.94,454.4,10.23,202.3
4/14/2025,85,54,28,82,55,26,51,21,8,34,57,68,539.12,457.48,10.47,166.65
4/15/2025,89,59,28,86,61,26,58,25,8,13,47,67,537.61,457.99,10.6,165.05
4/16/2025,75,58,25,71,60,23,41,25,7,22,43,71,525.66,444.18,9.34,184.85
4/17/2025,65,55,25,58,58,23,27,24,6,27,44,69,526.41,444.1,9.2,177.3
4/21/2025,36,47,27,31,49,25,14,18,7,39,49,58,513.88,433.11,8.71,193.75
4/22/2025,41,48,37,37,50,33,30,19,8,31,47,55,527.25,444.48,9.18,176.1
4/23/2025,68,57,39,64,58,35,61,27,9,21,41,53,535.42,454.56,10.29,164.7
4/24/2025,90,77,42,90,78,38,88,49,11,8,37,51,546.69,467.35,12,156.1
4/25/2025,98,92,43,98,93,40,98,71,12,1,10,50,550.64,472.56,12.34,147.45
4/28/2025,93,98,47,93,98,44,89,84,15,8,3,40,550.85,472.41,12.29,148.4
4/29/2025,97,98,48,97,98,45,87,83,15,5,2,39,554.32,475.53,11.86,145.75
4/30/2025,93,97,48,94,97,45,82,83,15,14,4,40,554.54,475.47,12.16,151.3
5/1/2025,89,95,49,91,95,46,84,83,15,14,4,40,558.47,481.68,12.1,147.7
5/2/2025,92,95,51,92,95,48,86,89,16,5,4,38,566.76,488.83,13.29,138.55
5/5/2025,89,93,52,88,93,49,82,89,17,8,4,31,563.51,485.93,13.05,142.4
5/6/2025,73,92,52,74,92,57,69,88,17,33,9,33,558.8,481.41,12.64,150.7
5/7/2025,70,86,53,69,88,58,73,87,18,33,13,32,561.15,483.3,13.28,144.75
5/8/2025,85,88,55,86,89,59,89,88,22,11,12,30,565.06,488.29,13.66,136.7
5/9/2025,70,89,57,79,91,59,83,92,23,10,6,30,564.34,487.97,14.11,134.95
5/12/2025,84,93,69,87,95,67,92,93,30,4,3,23,582.99,507.85,17.13,108.55
5/13/2025,97,95,72,98,96,69,96,95,32,5,4,23,586.84,515.59,18.6,107.5
5/14/2025,94,98,70,97,99,70,94,95,32,14,7,23,587.59,518.68,18.84,110.7
5/15/2025,97,97,71,98,97,70,90,93,32,14,10,23,590.46,519.25,18.47,108.15
5/16/2025,98,98,72,96,98,71,85,91,32,10,10,23,594.2,521.51,18.39,107.55
5/19/2025,98,99,79,98,98,79,78,88,38,16,9,17,594.85,522.01,18.06,109.15
5/20/2025,92,97,79,94,98,79,67,85,37,21,9,17,592.85,520.27,17.97,107.7
5/21/2025,57,87,76,73,91,76,44,78,37,56,18,19,582.86,513.04,17,118.95
5/22/2025,13,77,76,31,85,76,27,70,36,78,24,19,583.09,514,16.51,117.35
5/23/2025,15,65,75,22,76,75,9,59,35,83,39,21,579.11,509.24,15.73,129.25
5/27/2025,56,72,84,66,82,86,47,60,41,48,32,15,591.15,521.22,17.29,109.75
5/28/2025,70,75,84,83,85,86,61,61,41,18,30,15,587.73,518.91,17.04,111.8
5/29/2025,70,83,84,72,89,86,60,65,41,18,21,15,590.05,519.93,17.2,111.65
5/30/2025,69,76,84,57,81,86,34,49,39,29,28,16,589.39,519.11,16.17,112.95
6/2/2025,84,79,88,73,80,89,43,43,44,21,30,15,592.71,523.21,16.9,110.65
6/3/2025,97,83,88,92,82,90,85,47,47,7,24,14,596.09,527.3,18.3,107.35
6/4/2025,93,91,88,94,91,90,96,71,49,3,13,14,595.93,528.77,19.09,106.7
6/5/2025,81,87,87,80,86,88,87,82,48,20,13,15,593.05,524.79,18.81,109.95
6/6/2025,83,86,88,83,85,89,88,85,49,20,11,13,599.14,529.92,19.18,103.25
6/9/2025,93,87,96,89,83,96,88,85,60,4,11,6,599.68,530.7,20.58,101.55
6/10/2025,96,95,96,94,93,97,95,91,70,5,4,6,603.08,534.21,21.89,100.95
6/11/2025,86,93,96,84,92,97,88,92,70,16,8,6,601.36,532.41,21.64,102
6/12/2025,84,94,96,76,91,97,83,91,70,41,14,7,603.75,533.66,21.69,103.75
6/13/2025,67,84,94,55,87,94,59,80,66,71,41,9,597,526.96,20.04,116.1
6/16/2025,70,85,97,62,80,96,67,81,84,54,46,7,602.68,534.29,21.9,103.95
6/17/2025,51,75,95,55,73,95,73,80,82,53,63,9,597.53,529.08,21.42,112.65
6/18/2025,29,73,95,36,76,95,67,87,83,62,52,8,597.44,528.99,21.61,108.4
6/20/2025,17,62,95,22,63,94,54,83,82,58,62,8,594.28,526.83,21.21,110.5
6/23/2025,38,66,95,39,63,94,55,83,89,57,56,8,600.15,531.65,21.58,108
6/24/2025,90,76,95,88,72,95,87,87,91,13,39,7,606.78,539.78,23.95,97.3
6/25/2025,91,88,95,90,85,95,97,94,91,2,19,7,607.12,541.16,24.58,95.4
6/26/2025,96,95,95,95,94,95,97,97,91,2,7,7,611.87,546.22,25.2,94.35
6/27/2025,97,95,95,96,94,95,91,95,90,5,3,7,614.91,548.09,25.11,94.55
6/30/2025,96,96,97,96,96,97,87,91,94,6,4,3,617.85,551.64,25.11,93.75
7/1/2025,94,94,97,86,90,96,83,86,94,4,5,3,617.65,546.99,24.71,93.6
7/2/2025,97,96,97,87,90,97,89,88,95,6,5,3,620.45,550.8,26.05,93.25
7/3/2025,98,97,97,93,90,97,91,91,95,5,5,3,625.34,556.22,26.43,92.25
7/7/2025,79,94,98,78,92,98,64,88,95,45,8,2,620.68,552.03,24.97,93.35
7/8/2025,66,88,98,65,89,98,71,86,97,22,8,2,620.34,552.34,26.37,90.2
7/9/2025,71,87,98,76,89,98,78,84,97,7,6,2,624.06,556.25,26.65,85.7
7/10/2025,88,91,98,85,92,98,90,92,97,2,4,2,625.82,555.45,27.37,84.5
7/11/2025,76,93,98,76,92,98,87,93,97,7,2,2,623.62,554.2,27.29,85.15
7/14/2025,71,93,98,77,92,98,76,88,97,20,8,2,624.81,556.21,26.5,87.1
7/15/2025,61,85,97,76,88,98,70,82,97,18,13,2,622.14,556.72,27.29,86.3
7/16/2025,49,82,97,60,85,98,54,74,97,28,20,2,624.22,557.29,27.03,87.2
7/17/2025,83,85,97,85,87,98,66,74,97,27,20,2,628.04,561.8,27.32,86.85
7/18/2025,84,88,97,86,87,98,67,74,97,20,18,2,627.58,561.26,27.33,84.9
7/21/2025,86,89,98,88,90,98,75,78,96,12,15,2,628.77,564.17,27.5,83.95
7/22/2025,76,84,98,71,83,97,47,68,94,22,13,2,628.86,561.25,26.32,83.6
7/23/2025,91,88,98,73,84,97,28,50,93,6,11,2,634.21,563.81,25.78,78.55
7/24/2025,95,91,98,89,85,97,21,34,93,5,7,2,634.42,565.01,25.62,78.1
7/25/2025,95,96,98,92,90,98,21,26,93,4,4,2,637.1,566.37,25.6,77.15
7/28/2025,93,94,97,90,93,98,44,34,90,2,3,2,636.94,568.14,26.88,73.95
7/29/2025,80,92,97,74,88,97,59,46,91,16,8,2,635.26,567.26,27.03,76.5
7/30/2025,73,86,98,71,84,97,77,64,91,30,15,2,634.46,568.02,27.61,77.1
7/31/2025,59,76,97,60,72,96,47,51,87,34,23,2,632.08,565.01,24.98,77.2
8/1/2025,17,54,93,21,50,93,26,40,85,74,39,6,621.72,553.88,24.08,86.95
8/4/2025,40,47,90,38,41,90,38,28,80,55,41,8,631.17,564.1,25,78
8/5/2025,48,40,89,44,33,89,37,33,79,40,46,9,627.97,560.27,24.52,79.3
8/6/2025,56,56,91,55,53,91,25,33,78,29,30,7,632.78,567.32,23.99,75.4
8/7/2025,60,57,91,71,61,91,37,33,80,20,28,7,632.25,569.24,25,76.2
8/8/2025,79,72,93,91,81,93,59,41,81,7,15,6,637.18,574.55,25.71,72.45
8/11/2025,88,77,91,92,87,92,77,50,79,4,12,6,635.92,572.85,25.61,72.8
8/12/2025,94,89,93,94,94,94,89,70,85,4,4,6,642.69,580.05,28,68.3
8/13/2025,92,92,92,90,91,93,97,84,86,3,4,6,644.89,580.34,29.27,67.5
8/14/2025,90,97,92,85,93,92,94,97,86,9,3,6,644.95,579.89,29.42,67.95
8/15/2025,88,93,92,72,87,91,71,88,81,8,4,6,643.44,577.34,27.37,67.6
8/18/2025,80,91,96,59,84,95,54,78,84,8,4,2,643.3,577.11,27.53,65.1
8/19/2025,55,85,95,21,72,92,33,63,81,23,6,2,639.81,569.28,26.24,66.95
8/20/2025,38,79,94,20,60,90,26,56,80,37,8,2,638.11,565.9,25.8,66.7
8/21/2025,26,65,93,20,40,89,25,44,79,57,14,3,635.55,563.28,25.35,68.05
8/22/2025,67,71,97,43,39,93,52,49,84,22,10,1,645.31,571.97,27.45,59.55
8/25/2025,84,73,96,58,40,87,67,56,84,2,8,1,642.47,570.32,27.3,59.95
8/26/2025,85,88,97,64,52,88,86,68,85,3,1,1,645.16,572.61,27.94,59.25
8/27/2025,93,88,98,76,54,88,94,71,86,5,1,1,646.63,573.49,28.18,59.5
8/28/2025,97,95,98,92,64,90,92,76,87,3,1,1,648.92,577.08,28.53,58.45
8/29/2025,79,87,96,68,60,87,50,65,81,13,8,2,645.05,570.4,26.04,60.3
9/2/2025,41,71,93,32,50,81,21,49,76,48,20,4,640.27,565.62,25.25,63.05
9/3/2025,47,60,94,46,41,82,20,29,75,41,28,3,643.74,570.07,24.91,60.65
9/4/2025,78,69,97,70,52,85,27,28,77,15,22,1,649.12,575.23,25.65,58
9/5/2025,78,79,95,78,68,86,43,36,79,16,13,3,647.24,576.06,26.45,58.2
9/8/2025,76,85,94,85,82,88,58,50,75,13,8,3,648.83,578.87,27.08,56.6
9/9/2025,84,82,94,92,88,89,73,60,75,5,8,3,650.33,580.51,27.18,56.2
9/10/2025,88,87,94,91,92,89,94,73,80,6,5,3,652.21,580.7,28.6,55.55
9/11/2025,94,92,95,93,94,90,93,82,82,3,3,3,657.63,584.08,29.17,53.7
9/12/2025,94,93,95,96,93,90,94,93,83,4,4,3,657.41,586.66,29.3,53.55
9/15/2025,95,96,96,97,97,96,96,96,91,15,6,3,660.91,591.68,30,54.4
9/16/2025,92,95,96,93,97,96,94,97,91,37,13,3,660,591.18,30.48,55.75
9/17/2025,82,94,96,80,95,94,90,96,89,37,14,2,659.18,590,30.47,52.75
9/18/2025,87,92,96,88,93,95,92,96,91,17,13,2,662.26,595.32,33.64,52.7
9/19/2025,90,93,96,94,94,95,83,91,88,27,8,2,663.7,599.35,33.02,52.55
9/22/2025,96,98,98,97,96,98,90,94,95,40,14,2,666.84,602.2,34.43,53.95
9/23/2025,85,93,97,87,94,97,90,92,94,65,23,2,663.21,598.2,34.3,54.8
9/24/2025,62,86,96,66,88,96,80,92,94,68,30,2,661.1,596.1,34.2,53.85
9/25/2025,44,72,95,55,77,95,77,88,92,70,41,3,658.05,593.53,33.85,55.05
9/26/2025,50,70,95,54,72,95,74,86,93,40,30,2,661.82,595.97,34.02,51.7
9/29/2025,64,70,96,65,72,94,70,83,91,22,30,2,663.68,598.73,34.02,52.4
9/30/2025,78,83,96,74,82,95,72,85,93,24,16,2,666.18,600.37,34.84,52.2
10/1/2025,93,89,97,89,90,97,93,90,94,17,19,1,668.45,603.25,36.86,51.95
10/2/2025,90,93,97,91,93,96,97,96,94,24,22,2,669.22,605.73,39.08,53
10/3/2025,90,90,95,88,91,95,89,93,91,26,24,2,669.21,603.18,38.23,52.5
10/6/2025,90,90,95,89,90,95,94,94,91,24,25,2,671.61,607.71,41.71,52.1
10/7/2025,76,86,93,74,82,92,67,78,86,57,30,3,669.12,604.51,38.83,53.7
10/8/2025,87,91,96,85,90,95,77,82,93,51,28,2,673.11,611.44,42.78,52.25
10/9/2025,82,88,94,92,90,94,89,82,92,39,30,2,671.16,610.7,42.24,52.45
10/10/2025,28,62,84,36,66,83,35,70,79,72,45,10,653.02,589.5,34.21,62.45
10/13/2025,33,45,80,36,51,80,36,60,75,66,50,13,663.04,602.01,39.14,55.55
10/14/2025,50,31,79,49,32,77,35,44,71,46,64,15,662.23,598,36.63,58.95
10/15/2025,53,50,80,49,49,79,51,59,76,64,56,16,665.17,602.22,39.98,59.75
10/16/2025,44,47,78,47,46,78,68,61,77,87,77,23,660.64,599.99,40.57,68.75
10/17/2025,46,50,80,54,54,81,69,69,77,82,72,17,664.39,603.93,40.29,60.5
10/20/2025,76,60,81,83,67,82,85,76,79,22,52,17,671.3,611.54,42.24,53.35
10/21/2025,93,77,81,95,82,82,84,76,77,4,21,17,671.29,611.38,41.51,52.8
10/22/2025,79,82,78,75,85,79,45,71,72,8,10,18,667.8,605.49,38.39,53.85
10/23/2025,85,82,81,79,83,81,60,67,77,4,7,16,671.76,610.58,41.17,52.2
10/24/2025,94,85,82,93,84,82,85,71,79,5,7,16,677.25,617.1,43.14,51
10/27/2025,97,95,93,97,95,94,93,88,93,4,4,9,685.24,628.09,46.84,48.65
10/28/2025,97,97,93,97,97,94,97,94,93,10,6,9,687.06,632.92,46.96,50.6
10/29/2025,93,96,93,96,97,94,93,94,92,28,10,11,687.39,635.77,49.38,52.05
10/30/2025,78,87,89,84,90,90,85,88,90,40,16,12,679.83,626.05,47.39,52.95
10/31/2025,65,82,89,75,86,91,77,83,89,58,20,12,682.06,629.07,47.78,53.05
11/3/2025,63,78,93,79,83,94,77,81,92,70,21,9,683.34,632.08,48.58,52.5
11/4/2025,23,72,88,36,76,89,33,70,85,79,24,11,675.24,619.25,42.8,55.1
11/5/2025,23,66,90,25,71,90,36,68,90,58,22,8,677.58,623.28,46.83,52.2
11/6/2025,12,48,86,15,52,86,25,55,86,72,41,12,670.31,611.67,43.01,55.5
11/7/2025,18,41,86,14,43,85,19,54,84,75,48,11,670.97,609.74,41.74,54.85
11/10/2025,64,44,82,51,42,80,52,50,79,17,48,13,681.44,623.23,44.96,50.35
11/11/2025,83,60,82,52,51,79,46,45,75,3,29,12,683,621.57,41.81,49.95
11/12/2025,92,75,82,68,61,78,50,48,75,7,17,13,683.38,621.08,43.71,50.55
11/13/2025,66,64,77,52,48,73,34,33,71,33,32,20,672.04,608.4,39.22,55.75
11/14/2025,49,51,77,43,38,73,29,29,71,44,43,18,671.93,608.86,38.86,54.15
11/17/2025,35,31,67,35,24,62,25,17,57,61,64,29,665.67,603.66,36.84,58.5
11/18/2025,20,23,64,21,19,60,15,14,54,79,71,34,660.08,596.31,34.35,61.1
11/19/2025,21,17,64,22,15,61,16,12,56,78,77,31,662.63,599.87,35.96,59.3
11/20/2025,9,13,59,10,11,55,10,8,50,85,81,39,652.53,585.67,30.81,65.65
11/21/2025,20,16,60,18,14,56,17,12,51,71,74,33,659.03,590.07,31.73,60.63
11/24/2025,58,26,60,57,25,55,50,19,55,25,59,35,668.73,605.16,35.86,53.85
11/25/2025,87,49,64,80,46,56,63,33,44,3,31,31,675.02,608.89,36.17,51.7
11/26/2025,96,70,67,93,65,59,86,48,48,2,12,28,679.68,614.27,39.19,49.49
11/28/2025,96,82,68,95,74,60,94,59,49,2,5,27,683.39,619.25,41.26,47.59
12/1/2025,94,88,73,95,74,60,97,73,53,2,3,20,680.27,617.17,41.31,47.85
12/2/2025,94,91,74,96,88,66,97,84,56,2,2,19,681.53,622,43.8,46.75
12/3/2025,96,91,75,96,91,68,98,91,60,2,2,18,683.89,623.52,46.58,46.43
12/4/2025,94,94,75,93,95,68,94,95,60,2,2,18,684.39,622.94,45.16,45.66
12/5/2025,84,96,76,85,96,68,89,95,60,2,2,18,685.69,625.48,46.5,44.76
12/8/2025,54,92,89,71,92,80,88,92,79,15,2,2,683.63,624.28,47.99,45.7
12/9/2025,50,88,89,74,92,81,92,95,80,21,3,2,683.04,625.05,47.79,45.92
12/10/2025,57,90,92,74,93,82,91,97,81,17,3,2,687.57,627.61,49.65,43.14
12/11/2025,90,94,94,69,94,82,78,96,81,3,2,2,689.17,625.58,48.79,42.21
12/12/2025,52,90,88,34,81,75,35,82,71,18,2,2,681.76,613.62,41.71,42.28
12/15/2025,21,80,84,11,63,67,9,66,68,18,4,2,680.73,610.54,41.18,42.22
12/16/2025,15,55,83,11,39,67,7,43,67,21,6,2,678.87,611.75,40.49,42.09
12/17/2025,11,31,76,8,21,61,5,26,61,29,13,3,671.4,600.41,36.01,43.25
12/18/2025,23,20,80,23,18,66,16,16,64,20,13,2,676.47,609.11,38.58,41.08
12/19/2025,51,30,85,51,30,70,37,22,69,4,11,2,680.59,617.05,41.72,38.66
12/22/2025,80,60,86,76,52,65,56,38,69,2,3,2,684.83,619.21,43.26,36.8
12/23/2025,95,83,88,93,68,67,81,50,69,2,2,2,687.96,622.11,43.7,36.98
12/24/2025,95,94,88,94,77,68,93,55,69,5,3,2,690.38,623.93,44.21,36.89
12/26/2025,94,96,88,95,82,68,94,58,69,5,3,2,690.31,623.89,44.21,36.76
12/29/2025,83,91,90,82,82,72,86,58,69,3,3,2,687.85,620.86,43.82,36.12
12/30/2025,75,85,80,69,75,71,85,68,69,3,3,2,687.01,619.43,43.67,35.42
12/31/2025,40,73,85,29,67,68,43,53,64,14,5,2,681.92,614.31,42.03,35.93
1/2/2026,14,65,86,11,59,67,54,55,72,10,5,2,683.17,613.12,47.24,34.97
1/5/2026,55,65,89,42,59,68,81,76,82,24,8,2,687.72,617.99,49.22,35.46
1/6/2026,86,81,92,73,72,72,90,93,85,24,7,2,691.81,623.62,54.01,34.73
1/7/2026,88,87,89,90,83,72,87,92,83,31,11,2,689.58,624.18,52.29,35.58
1/8/2026,70,87,89,65,82,70,68,86,79,28,10,2,689.51,620.47,49.65,35.15
1/9/2026,86,86,92,81,82,73,84,85,84,56,10,2,694.07,626.65,53.95,34.25
1/12/2026,93,89,92,94,83,75,95,87,93,17,8,2,695.16,627.17,54.65,34.34
1/13/2026,85,91,91,84,89,74,90,94,92,48,21,2,693.77,626.24,56.07,35.61
1/14/2026,43,82,88,38,74,71,73,91,91,77,42,3,690.36,619.55,55.38,37.02
1/15/2026,64,76,90,51,64,72,82,86,90,40,49,3,692.24,621.78,58.08,35.31
1/16/2026,61,71,89,45,64,72,85,87,92,31,45,2,691.66,621.06,60.75,35.54
1/20/2026,21,51,83,18,40,69,78,85,93,71,52,9,677.58,608.06,57.94,41.51
1/21/2026,22,41,88,19,34,74,79,88,95,56,49,3,685.4,616.28,63.48,35.78
1/22/2026,60,38,91,54,35,76,82,86,95,11,38,2,688.98,620.76,63.72,34.37
1/23/2026,65,58,91,65,56,78,64,83,93,9,14,3,689.23,622.72,61.6,35.41
1/26/2026,81,70,90,79,69,77,51,74,89,14,13,4,692.73,625.46,60.7,35.32
1/27/2026,91,81,91,91,82,90,68,76,92,20,20,5,695.49,631.13,64.96,36.25
1/28/2026,90,89,91,90,98,81,88,94,93,27,22,5,695.42,633.22,70.09,36.26
1/29/2026,79,89,89,75,87,79,86,93,93,36,29,6,694.04,629.43,70.47,36.66
1/30/2026,66,81,88,50,71,74,50,79,86,50,32,6,691.97,621.87,61.79,37.23
2/2/2026,74,85,91,38,64,77,40,68,83,24,25,5,695.41,626.14,65.2,34.63
2/3/2026,47,72,85,22,49,72,26,52,79,36,25,7,689.53,616.52,61.2,36.72
2/4/2026,25,64,83,13,37,65,16,42,73,63,27,8,686.19,605.75,53.19,37.67
2/5/2026,21,38,77,12,17,60,18,26,73,70,52,11,677.62,597.03,53.25,41.06
2/6/2026,41,40,86,25,19,67,41,30,80,56,55,8,690.62,609.65,61.75,37.3
2/9/2026,82,53,89,51,29,68,66,46,80,22,46,7,694.39,614.32,64.03,35.35
2/10/2026,85,75,87,54,41,61,77,61,78,19,28,9,692.12,611.47,63.34,36.28
2/11/2026,79,77,87,51,44,62,78,70,81,22,24,9,691.96,613.11,68.05,36.31
2/12/2026,48,57,80,39,33,54,74,68,78,47,43,12,681.27,600.64,63.1,39.73
2/13/2026,33,42,80,35,25,54,70,70,78,64,61,13,681.75,601.92,64.59,40.59
2/17/2026,27,28,74,28,17,43,63,65,78,65,68,14,682.85,601.3,64.35,38.43
2/18/2026,46,36,76,49,22,46,63,70,82,41,61,14,686.29,605.79,66.29,38.47
2/19/2026,42,40,75,44,26,44,50,72,81,59,56,16,684.48,603.47,65.23,40.03
2/20/2026,51,51,78,53,34,47,57,76,83,58,57,14,689.43,608.81,67.11,38.57
2/23/2026,42,45,70,42,31,36,53,78,86,67,67,20,682.39,601.41,65.86,40.98
2/24/2026,65,50,74,70,41,41,79,83,88,45,60,17,687.35,607.82,68.53,38.75
2/25/2026,92,55,79,93,60,48,92,88,90,13,50,15,693.15,616.68,71.86,36.72
2/26/2026,70,66,76,66,74,42,49,82,85,24,34,15,689.3,609.24,65.34,37.44
2/27/2026,47,64,73,47,73,41,21,60,83,50,38,18,685.99,607.29,62.77,39.65
3/2/2026,51,54,71,52,61,39,27,39,80,57,52,26,686.38,608.09,62.76,40.4
3/3/2026,45,45,64,42,52,35,19,23,71,57,60,32,680.33,601.58,53.42,43.15
3/4/2026,58,50,69,68,58,42,21,23,74,39,53,26,685.13,610.75,56.62,40.69
3/5/2026,48,49,65,64,61,40,15,17,72,56,52,35,681.31,608.91,54.8,44.75
3/6/2026,24,40,54,48,59,34,11,15,66,86,67,45,672.38,599.75,47.89,54.09
3/9/2026,36,37,42,52,55,29,26,17,52,66,69,57,678.27,607.76,53.32,46
3/10/2026,63,36,41,82,53,29,56,24,54,40,69,63,677.18,607.77,54.59,49.8
3/11/2026,54,48,39,71,56,29,69,38,54,41,28,58,676.33,607.69,56.09,46.26
3/12/2026,34,35,30,48,51,21,62,33,50,48,58,64,666.06,597.26,50.28,50.82
3/13/2026,8,20,27,17,32,18,47,28,50,63,62,66,662.29,593.72,50.72,52.29
3/16/2026,24,15,20,25,23,14,54,26,41,39,62,75,669.03,600.38,53.69,46.08
3/17/2026,41,18,13,51,31,16,73,31,41,17,53,74,670.79,603.31,54.95,45.28
3/18/2026,22,18,10,33,33,10,69,40,41,58,50,82,661.43,594.9,54.02,51.03
3/19/2026,10,15,9,16,29,10,59,48,41,63,54,79,659.8,593.02,54.85,48.98
3/20/2026,13,8,7,13,16,10,47,51,38,53,65,86,648.57,582.06,51.14,54.1
3/23/2026,31,16,7,29,21,9,48,57,38,65,62,76,655.38,588,53.03,49.88
3/24/2026,35,19,8,30,19,7,69,64,42,58,65,78,653.18,583.98,54.96,51.56
3/25/2026,40,27,11,34,25,10,86,78,44,57,54,76,656.82,587.82,57.04,49.84
3/26/2026,21,18,5,14,16,4,40,67,35,76,62,83,645.09,573.79,48.97,55.05
3/27/2026,11,12,4,10,11,4,11,42,32,96,74,86,634.09,562.58,46.61,61.65
3/30/2026,9,10,4,8,10,4,5,15,20,90,90,92,631.97,558.28,40.62,60.91
3/31/2026,42,19,14,36,17,12,29,17,28,56,78,82,650.34,577.18,47.91,52.3